﻿<?xml version="1.0" encoding="utf-8" standalone="yes" ?>
<vehicle type="carFillable">
    <annotation>Copyright (C) GIANTS Software GmbH, All Rights Reserved.</annotation>
    <storeData>
        <name>
            <en>Landcruiser FJ40</en></name>
        <specs>
            <power>125</power>
            <maxSpeed>100</maxSpeed>
        </specs>
        <functions>
            <function>$l10n_function_car</function>
        </functions>
        <image>Store.png</image>
        <price>5500</price>
        <lifetime>600</lifetime>
        <rotation>0</rotation>
        <brand>TOYOTA</brand>
        <category>cars</category>
        <vertexBufferMemoryUsage>1487412</vertexBufferMemoryUsage>
        <indexBufferMemoryUsage>360324</indexBufferMemoryUsage>
        <textureMemoryUsage>14330864</textureMemoryUsage>
        <instanceVertexBufferMemoryUsage>0</instanceVertexBufferMemoryUsage>
        <instanceIndexBufferMemoryUsage>0</instanceIndexBufferMemoryUsage>
    </storeData>
    <base>
        <typeDesc>$l10n_typeDesc_car</typeDesc>
        <filename>Bandeirante.i3d</filename>
        <size width="2.5" length="5"/>
        <components count="1">
            <component centerOfMass="0 0.4 -0.1" solverIterationCount="10" mass="1800"/>
        </components>
        <schemaOverlay attacherJointPosition="0 0">
            <default name="DEFAULT_VEHICLE"/>
            <selected name="DEFAULT_VEHICLE_SELECTED"/>
        </schemaOverlay>
    </base>
    <vehicleTypeConfigurations title="Accessories">
        <vehicleTypeConfiguration name="Stock" price="0" vehicleType="carFillable"/>
        <vehicleTypeConfiguration name="Winch" price="1200" vehicleType="FJ40Winch">
            <objectChange node="winch" visibilityActive="true" visibilityInactive="false"/>
            <objectChange node="Warn_Winch" visibilityActive="true" visibilityInactive="false"/>
            <objectChange node="Winch_tray" visibilityActive="true" visibilityInactive="false"/>
        </vehicleTypeConfiguration>
        <vehicleTypeConfiguration name="Winch + Tools" price="1200" vehicleType="FJ40Winch">
            <objectChange node="winch" visibilityActive="true" visibilityInactive="false"/>
            <objectChange node="Warn_Winch" visibilityActive="true" visibilityInactive="false"/>
            <objectChange node="Winch_tray" visibilityActive="true" visibilityInactive="false"/>
            <objectChange node="Hi_Lift" visibilityActive="true" visibilityInactive="false"/>
            <objectChange node="toolBox_vis" visibilityActive="true" visibilityInactive="false"/>
            <objectChange node="shovelGreen_vis" visibilityActive="true" visibilityInactive="false"/>
            <objectChange node="chainsaw_vis" visibilityActive="true" visibilityInactive="false"/>
            <objectChange node="shovel_clamp" visibilityActive="true" visibilityInactive="false"/>
            <objectChange node="shovel_clamp1" visibilityActive="true" visibilityInactive="false"/>
        </vehicleTypeConfiguration>
        <vehicleTypeConfiguration name="Winch, Tools + Roofbar" price="1500" vehicleType="FJ40Winch">
            <objectChange node="winch" visibilityActive="true" visibilityInactive="false"/>
            <objectChange node="Warn_Winch" visibilityActive="true" visibilityInactive="false"/>
            <objectChange node="Winch_tray" visibilityActive="true" visibilityInactive="false"/>
            <objectChange node="Hi_Lift" visibilityActive="true" visibilityInactive="false"/>
            <objectChange node="toolBox_vis" visibilityActive="true" visibilityInactive="false"/>
            <objectChange node="shovelGreen_vis" visibilityActive="true" visibilityInactive="false"/>
            <objectChange node="chainsaw_vis" visibilityActive="true" visibilityInactive="false"/>
            <objectChange node="shovel_clamp" visibilityActive="true" visibilityInactive="false"/>
            <objectChange node="shovel_clamp1" visibilityActive="true" visibilityInactive="false"/>
            <objectChange node="Roof_Bar_Body" visibilityActive="true" visibilityInactive="false"/>
        </vehicleTypeConfiguration>
        <vehicleTypeConfiguration name="All Accessories" price="2000" vehicleType="FJ40Winch">
            <objectChange node="winch" visibilityActive="true" visibilityInactive="false"/>
            <objectChange node="Warn_Winch" visibilityActive="true" visibilityInactive="false"/>
            <objectChange node="Winch_tray" visibilityActive="true" visibilityInactive="false"/>
            <objectChange node="Hi_Lift" visibilityActive="true" visibilityInactive="false"/>
            <objectChange node="toolBox_vis" visibilityActive="true" visibilityInactive="false"/>
            <objectChange node="shovelGreen_vis" visibilityActive="true" visibilityInactive="false"/>
            <objectChange node="chainsaw_vis" visibilityActive="true" visibilityInactive="false"/>
            <objectChange node="shovel_clamp" visibilityActive="true" visibilityInactive="false"/>
            <objectChange node="shovel_clamp1" visibilityActive="true" visibilityInactive="false"/>
            <objectChange node="Roof_Bar_Body" visibilityActive="true" visibilityInactive="false"/>
            <objectChange node="ARB_Intensity_Set" visibilityActive="true" visibilityInactive="false"/>
        </vehicleTypeConfiguration>
    </vehicleTypeConfigurations>
    <wheels>
        <wheelConfigurations>
            <wheelConfiguration name="BF Goodridge" price="1500" brand="MITAS">
                <wheels autoRotateBackSpeed="2.2">
                    <wheel filename="Rodas/mitasF.xml" isLeft="true" hasTireTracks="true" hasParticles="true">
                        <physics rotSpeed="1" restLoad="0.8" repr="Roda1" forcePointRatio="0.5" initialCompression="18" suspTravel="0.40" spring="9" damper="2.8"/>
                    </wheel>
                    <wheel filename="Rodas/mitasF.xml" isLeft="false" hasTireTracks="true" hasParticles="true">
                        <physics rotSpeed="1" restLoad="0.8" repr="Roda2" forcePointRatio="0.5" initialCompression="18" suspTravel="0.40" spring="9" damper="2.8"/>
                    </wheel>
                    <wheel filename="Rodas/mitasF.xml" isLeft="false" hasTireTracks="true" hasParticles="true">
                        <physics rotSpeed="1" restLoad="0.8" repr="Roda3" forcePointRatio="0.5" initialCompression="18" suspTravel="0.40" spring="9" damper="2.8"/>
                    </wheel>
                    <wheel filename="Rodas/mitasF.xml" isLeft="true" hasTireTracks="true" hasParticles="true">
                        <physics rotSpeed="1" restLoad="0.8" repr="Roda4" forcePointRatio="0.5" initialCompression="18" suspTravel="0.40" spring="9" damper="2.8"/>
                    </wheel>
                </wheels>
            </wheelConfiguration>
            <wheelConfiguration name="Goodyear" price="1500" brand="MITAS">
                <wheels autoRotateBackSpeed="2.2">
                    <wheel filename="Rodas/mitasF2.xml" isLeft="true" hasTireTracks="true" hasParticles="true">
                        <physics rotSpeed="1" restLoad="0.7" repr="Roda1" forcePointRatio="0.5" initialCompression="18" suspTravel="0.35" spring="9" damper="2.8"/>
                    </wheel>
                    <wheel filename="Rodas/mitasF2.xml" isLeft="false" hasTireTracks="true" hasParticles="true">
                        <physics rotSpeed="1" restLoad="0.7" repr="Roda2" forcePointRatio="0.5" initialCompression="18" suspTravel="0.35" spring="9" damper="2.8"/>
                    </wheel>
                    <wheel filename="Rodas/mitasF2.xml" isLeft="false" hasTireTracks="true" hasParticles="true">
                        <physics rotSpeed="1" restLoad="0.7" repr="Roda3" forcePointRatio="0.5" initialCompression="18" suspTravel="0.35" spring="9" damper="2.8"/>
                    </wheel>
                    <wheel filename="Rodas/mitasF2.xml" isLeft="true" hasTireTracks="true" hasParticles="true">
                        <physics rotSpeed="1" restLoad="0.7" repr="Roda4" forcePointRatio="0.5" initialCompression="18" suspTravel="0.35" spring="9" damper="2.8"/>
                    </wheel>
                </wheels>
            </wheelConfiguration>
            <wheelConfiguration name="Stock" price="0" brand="MITAS">
                <wheels autoRotateBackSpeed="2.2">
                    <wheel filename="Rodas/mitasF3.xml" isLeft="true" hasTireTracks="true" hasParticles="true">
                        <physics rotSpeed="1" restLoad="0.7" repr="Roda5" forcePointRatio="0.5" initialCompression="18" suspTravel="0.35" spring="9" damper="2.8"/>
                    </wheel>
                    <wheel filename="Rodas/mitasF3.xml" isLeft="false" hasTireTracks="true" hasParticles="true">
                        <physics rotSpeed="1" restLoad="0.7" repr="Roda6" forcePointRatio="0.5" initialCompression="18" suspTravel="0.35" spring="9" damper="2.8"/>
                    </wheel>
                    <wheel filename="Rodas/mitasF3.xml" isLeft="false" hasTireTracks="true" hasParticles="true">
                        <physics rotSpeed="1" restLoad="0.7" repr="Roda7" forcePointRatio="0.5" initialCompression="18" suspTravel="0.35" spring="9" damper="2.8"/>
                    </wheel>
                    <wheel filename="Rodas/mitasF3.xml" isLeft="true" hasTireTracks="true" hasParticles="true">
                        <physics rotSpeed="1" restLoad="0.7" repr="Roda8" forcePointRatio="0.5" initialCompression="18" suspTravel="0.35" spring="9" damper="2.8"/>
                    </wheel>
                </wheels>
            </wheelConfiguration>
        </wheelConfigurations>
        <ackermannSteeringConfigurations>
            <ackermannSteering rotSpeed="45" rotMax="42" rotCenterWheel1="3" rotCenterWheel2="4"/>
        </ackermannSteeringConfigurations>
    </wheels>
    <lights>
        <states>
            <state lightTypes="0"/>
            <state lightTypes="0 1"/>
            <state lightTypes="0 1 2"/>
        </states>
        <realLights>
            <low>
                <light node="frontLightLow" lightTypes="0"/>
            </low>
            <high>
                <light node="frontLightHigh" lightTypes="1 2"/>
                <light node="backLightsHigh1" lightTypes="1 2"/>
                <light node="RoofBeamHigh" lightTypes="2"/>
                <light node="FloodBeamHigh" lightTypes="2"/>
                <brakeLight node="backLightsHigh1"/>
            </high>
        </realLights>
        <defaultLights>
            <defaultLight shaderNode="LuzDianteira" lightTypes="0 1 2"/>
            <defaultLight shaderNode="LuzTraseira" lightTypes="1 2"/>
            <defaultLight shaderNode="Roof_Bar_Leds" lightTypes="2" intensity="35"/>
            <defaultLight shaderNode="Roof_Bar_Reflect" lightTypes="2"/>
            <defaultLight shaderNode="ARB_Leds_R" lightTypes="2" intensity="35"/>
            <defaultLight shaderNode="ARB_Reflect_R" lightTypes="2"/>
            <defaultLight shaderNode="ARB_Leds_L" lightTypes="2" intensity="35"/>
            <defaultLight shaderNode="ARB_Reflect_L" lightTypes="2"/>
        </defaultLights>
        <brakeLights>
            <brakeLight shaderNode="LuzTraseira" lightTypes="1 2"/>
        </brakeLights>
        <turnLights>
            <turnLightLeft shaderNode="turnlightLeft"/>
            <turnLightRight shaderNode="turnlightRight"/>
        </turnLights>
        <sounds>
            <switchLight template="SWITCH_01"/>
            <turnLight template="SWITCH_TURNLIGHT"/>
        </sounds>
    </lights>
    <enterable isTabbable="true">
        <enterReferenceNode node="pickup1978_main_component1"/>
        <exitPoint node="exitPoint"/>
        <cameras count="2">
            <camera node="outdoorCamera1" rotatable="true" rotateNode="outdoorCameraTarget" limit="true" useWorldXZRotation="true" rotMinX="-1.4" rotMaxX="1" transMin="3.5" transMax="40" translation="0 0 5.75" rotation="-10 180 0">
                <raycastNode node="cameraRaycastNode1"/>
                <raycastNode node="cameraRaycastNode2"/>
            </camera>
            <camera node="indoorCamera1" rotatable="true" limit="true" rotMinX="-1.1" rotMaxX="0.4" transMin="0" transMax="0" useMirror="true" isInside="true" positionSmoothingParameter="0" shadowFocusBox="shadowFocusBox"/>
        </cameras>
        <characterNode node="player_skin" cameraMinDistance="1.5" spineRotation="-90 0 90">
            <target ikChain="rightFoot" targetNode="player_rightFoot"/>
            <target ikChain="leftFoot" targetNode="player_leftFoot"/>
            <target ikChain="rightArm" targetNode="rightArm" poseId="wideFingers"/>
            <target ikChain="leftArm" targetNode="leftArm" poseId="wideFingers"/>
        </characterNode>
    </enterable>
    <attacherJoints>
        <attacherJoint node="AttacherJoint" jointType="trailer" lowerRotLimit="10 70 50" upperRotationOffset="0" allowsJointLimitMovement="false" canTurnOnImplement="false" comboTime="1">
            <schema position="1 0" rotation="0" invertX="false"/>
            <attachSound template="ATTACH_01" linkNode="0>"/>
        </attacherJoint>
        <attacherJoint node="AttacherJoint" jointType="trailerLow" lowerRotLimit="10 70 50" upperRotationOffset="0" allowsJointLimitMovement="false" canTurnOnImplement="false" comboTime="1">
            <schema position="1 0" rotation="0" invertX="false"/>
            <attachSound template="ATTACH_01" linkNode="0>"/>
        </attacherJoint>
    </attacherJoints>
    <drivable>
        <sounds>
            <waterSplash template="WATER_SPLASH_01"/>
        </sounds>
        <steeringWheel node="Volante" indoorRotation="540" outdoorRotation="30"/>
    </drivable>
    <fillUnit>
        <fillUnitConfigurations>
            <fillUnitConfiguration>
                <fillUnits>
                    <fillUnit unit="$l10n_unit_literShort" showOnHud="false" showInShop="false" fillTypes="diesel" capacity="63"/>
                </fillUnits>
            </fillUnitConfiguration>
        </fillUnitConfigurations>
    </fillUnit>
    <motorized>
        <consumerConfigurations>
            <consumerConfiguration>
                <consumer fillUnitIndex="1" usage="20" fillType="diesel"/>
                <!-- usage is per hour at max load and max rpm -->
            </consumerConfiguration>
        </consumerConfigurations>
        <differentialConfigurations>
            <differentialConfiguration>
                <differentials>
                    <differential torqueRatio="0.5" maxSpeedRatio="1.8" wheelIndex1="1" wheelIndex2="2"/>
                    <!-- front left-right -->
                    <differential torqueRatio="0.5" maxSpeedRatio="1.8" wheelIndex1="3" wheelIndex2="4"/>
                    <!-- back left-right -->
                    <differential torqueRatio="0.5" maxSpeedRatio="1.8" differentialIndex1="1" differentialIndex2="2"/>
                    <!-- front-back -->
                </differentials>
            </differentialConfiguration>
        </differentialConfigurations>
        <motorConfigurations>
            <motorConfiguration name="Bandeirante" hp="125" price="0">
                <motor torqueScale="0.4" minRpm="1000" maxRpm="6000" maxForwardSpeed="100" maxBackwardSpeed="45" brakeForce="1.5" lowBrakeForceScale="0.22">
                    <torque rpm="1000" torque="0.9"/>
                    <torque rpm="2400" torque="1"/>
                    <torque rpm="3480" torque="1"/>
                    <torque rpm="4560" torque="0.75"/>
                    <torque rpm="5280" torque="0.63"/>
                    <torque rpm="6000" torque="0.2"/>
                </motor>
                <transmission minForwardGearRatio="10" maxForwardGearRatio="200" minBackwardGearRatio="40" maxBackwardGearRatio="200"/>
            </motorConfiguration>
        </motorConfigurations>
        <exhaustEffects>
            <exhaustEffect node="exhaustParticleLeft" filename="$data/particleSystems/shared/exhaust.i3d" minRpmColor="0.9 0.9 0.9 0.1" maxRpmColor="0.9 0.9 0.9 0.4" minRpmScale="0.02" maxRpmScale="0.25"/>
        </exhaustEffects>
        <dashboards/>
        <sounds externalSoundFile="$data/sounds/vehicles/engine/lizard_pickup_1978/lizard_pickup_1978.xml"/>
    </motorized>
    <animations>
        <animation name="backDoor">
            <part node="TampaTraseira" startTime="0.2" endTime="1" startRot="0 0 0" endRot="-100 0 0"/>
        </animation>
    </animations>
    <suspensions>
        <suspension useCharacterTorso="true" weight="90" minRotation="0 -5 -5" maxRotation="0 5 5" suspensionParametersY="7 1" suspensionParametersZ="7 1"/>
    </suspensions>
    <foldable>
        <foldingParts>
            <foldingPart animationName="backDoor" speedScale="1"/>
        </foldingParts>
    </foldable>
    <cylindered>
        <movingTools>
            <controlGroups>
                <controlGroup name="Default"/>
            </controlGroups>
            <movingTool node="TampaTraseira" playSound="true"/>
            <movingTool node="Hitch_Support">
                <controls axis="AXIS_FRONTLOADER_ARM" icon="$dataS2/menu/moveControls/frontloader_tool.png" invertAxis="true" invertMouseAxis="true" speedFactor="0.8"/>
                <attacherJoint jointIndices="1 2"/>
                <inputAttacherJoint value="true"/>
                <translation transSpeed=".5" transAcceleration="5" transMax="0.018" transMin="-0.188" translationAxis="2"/>
            </movingTool>
        </movingTools>
        <sounds>
            <hydraulic template="PICKUP_TRUNK" linkNode="pickup1978_main_component1"/>
        </sounds>
    </cylindered>
    <dashboard>
        <groups>
            <group name="MOTOR_STARTING" isMotorStarting="true"/>
            <group name="MOTOR_ACTIVE" isMotorStarting="true" isMotorRunning="true"/>
        </groups>
    </dashboard>
    <ai>
        <collisionTrigger node="aiCollisionTrigger"/>
    </ai>
    <honk>
        <sound template="HONK_PICKUP"/>
    </honk>
    <tensionBelts>
        <tensionBeltsConfigurations>
            <tensionBeltsConfiguration>
                <tensionBelts linkNode="tensionBelts" jointNode="0>" width="0.075" maxEdgeLength="0.1" geometryBias="0.01" ratchetPosition="0.2" defaultOffset="0.1" defaultOffsetSide="0.1" defaultHeight="4" activationTrigger="beltActivationTrigger">
                    <tensionBelt startNode="tensionBeltStart1" endNode="tensionBeltEnd1" offsetLeft="0.2"/>
                    <tensionBelt startNode="tensionBeltStart2" endNode="tensionBeltEnd2"/>
                    <tensionBelt startNode="tensionBeltStart3" endNode="tensionBeltEnd3"/>
                    <tensionBelt startNode="tensionBeltStart4" endNode="tensionBeltEnd4" offsetRight="0.2"/>
                </tensionBelts>
            </tensionBeltsConfiguration>
        </tensionBeltsConfigurations>
    </tensionBelts>
    <logsWinch jointRefNode="0>1|0|0" ropeRefNode="0>1|0|2|0" ropeMesh="0>1|0|2|0|0|21" ropeEndMeshLength="0.18" chainMesh="0>1|0|1" pulleyMesh="0>1|1" winchingSpeed="0.005" winchingSpeedup="4" winchingPtoRpm="450" speedupWinchingPtoRpm="700" maxWinchingMass="8" ropeLength="60" maxChainLength="15">
        <ropesUVScroll>
            <!--rope1 index="0>1|2" />
            <rope2 index="0>1|1|0|1" /-->
        </ropesUVScroll>
        <skinnedRope jointsParentNode="0>1|0|2|0|0" jointsCount="20" ropeBias="0.05"/>
        <dynamicChain i3dFilename="chainMaterialHolder.i3d" materialHolderNode="0|0" hookNode="0|2" chainWidth="0.05"/>
        <removableTrailerHook index="0>1|1" switchAnimation="removeHook"/>
        <!--
        <overridenInputAttacher lowerRotationOffset="12" upperRotationOffset="-15" rotSaturation="0.5" />
        -->
        <sounds>
            <winching file="sounds/transmissionOld.ogg">
                <volume indoor="0.5" outdoor="1.0">
                    <modifier type="WINCHING_LOAD" value="0.00" modifiedValue="0.5"/>
                    <modifier type="WINCHING_LOAD" value="0.50" modifiedValue="0.75"/>
                    <modifier type="WINCHING_LOAD" value="1.00" modifiedValue="0.85"/>
                </volume>
                <pitch indoor="1.0" outdoor="1.0">
                    <modifier type="WINCHING_LOAD" value="0.00" modifiedValue="0.8"/>
                    <modifier type="WINCHING_LOAD" value="0.50" modifiedValue="0.61"/>
                    <modifier type="WINCHING_LOAD" value="1.00" modifiedValue="0.58"/>
                </pitch>
            </winching>
            <chainAttach file="sounds/chainAttach.ogg">
                <volume indoor="1.0" outdoor="1.5"/>
            </chainAttach>
            <chainDetach file="sounds/chainDetach.ogg" volume="1.2">
                <volume indoor="1.0" outdoor="1.2"/>
            </chainDetach>
        </sounds>
    </logsWinch>
    <foliageBending>
        <bendingNode minX="-1.15" maxX="1.15" minZ="-2.8" maxZ="2.8" yOffset="0"/>
    </foliageBending>
    <baseMaterial>
        <material name="Bandeirante1_mat" baseNode="CorMudante">
            <shaderParameter name="colorMat1" value="SHARED_GREY2"/>
        </material>
        <material name="Bandeirante2_mat" baseNode="Carpo">
            <shaderParameter name="colorMat1" value="SHARED_GREY2"/>
        </material>
    </baseMaterial>
    <baseMaterialConfigurations price="3000" useDefaultColors="true">
        <baseMaterialConfiguration color="MAN_BEIGECLASSIC"/>
        <baseMaterialConfiguration name="Black Chrome" color="SHARED_BLACK2" material="2"/>
        <baseMaterialConfiguration name="Chrome" color="SHARED_WHITE2" material="2"/>
        <baseMaterialConfiguration name="Silver Metallic" color="ITRUNNER_WHITE1" material="27"/>
        <baseMaterialConfiguration name="Blue Metallic" color="FLIEGL_BLUE1" material="27"/>
        <baseMaterialConfiguration name="Purple Metallic" color="LIZARD_PURPLE1" material="27"/>
        <baseMaterialConfiguration name="Orange Metallic" color="FIAT_ORANGEPAINT" material="27"/>
        <baseMaterialConfiguration name="Black Metallic" color="FIAT_BLACKPAINT" material="27"/>
        <baseMaterialConfiguration name="Green Metallic" color="FIAT_GREENPAINT" material="27"/>
        <baseMaterialConfiguration name="Claas Monster Metallic" color="0.4 0.6 0.02 1.0" material="27"/>
        <baseMaterialConfiguration name="Red Metallic" color="FLIEGL_RED1" material="27"/>
        <baseMaterialConfiguration name="Yellow Metallic" color="BEDNAR_YELLOW1" material="27"/>
        <baseMaterialConfiguration name="Brown Metallic" color="FLIEGL_BROWN1" material="27"/>
        <baseMaterialConfiguration name="Midnight Purple Metallic" color="0.001 0 0.015 1" material="27"/>
        <baseMaterialConfiguration name="Black Cherry Metallic" color="0.010 0 0 1" material="27"/>
        <baseMaterialConfiguration name="Pearl White" color="FIAT_WHITEPAINT" material="18"/>
        <baseMaterialConfiguration name="Stainless Steel" color="SHARED_WHITE2" material="35"/>
        <baseMaterialConfiguration name="Exley Fav" color="0.041 0.245 0.223 1.0" material="27"/>
        <baseMaterialConfiguration name="Ice" color="0.455 0.855 1 1.0" material="18"/>
        <baseMaterialConfiguration name="Midnight Purple" color="0.001 0 0.015 1" material="32"/>
        <baseMaterialConfiguration name="Black Cherry" color="0.010 0 0 1" material="32"/>
        <baseMaterialConfiguration name="Claas" color="0.4 0.6 0.02 1.0" material="32"/>
        <baseMaterialConfiguration name="Claas Cat" color="0.800 0.443 0.008 1.0" material="32"/>
        <baseMaterialConfiguration name="Claas Monster" color="0.4 0.6 0.02 1.0" material="32"/>
        <baseMaterialConfiguration name="KRONE YELLOW" color="KRONE_YELLOW1" material="32"/>
        <baseMaterialConfiguration name="KRONE GREEN" color="KRONE_GREEN1" material="32"/>
        <baseMaterialConfiguration name="STARA ORANGE" color="STARA_ORANGE" material="32"/>
        <baseMaterialConfiguration name="STARA GREEN" color="STARA_GREEN" material="32"/>
        <baseMaterialConfiguration name="BERGMANN GREEN" color="BERGMANN_GREEN1"/>
        <baseMaterialConfiguration name="BERGMANN WHITE" color="ITRUNNER_WHITE1" material="32"/>
        <baseMaterialConfiguration name="JOSKIN GREEN" color="JOSKIN_GREEN1"/>
        <baseMaterialConfiguration name="JOSKIN YELLOW" color="JOSKIN_YELLOW1"/>
        <baseMaterialConfiguration name="STRAUTMANN GREEN" color="STRAUTMANN_GREEN1"/>
        <baseMaterialConfiguration name="STRAUTMANN RED" color="STRAUTMANN_RED1"/>
        <baseMaterialConfiguration name="HAWE GREEN" color="0.0697 0.1541 0.0545 1"/>
        <baseMaterialConfiguration name="HAWE GREY" color="0.0962 0.0962 0.0962 1"/>
        <baseMaterialConfiguration name="TEBBE GREEN" color="0.0008 0.3685 0.1449 1"/>
        <baseMaterialConfiguration name="TEBBE GREY" color="0.6940 0.6940 0.6940 1"/>
        <baseMaterialConfiguration name="MENGELE RED" color="0.7372 0.0151 0.0265 1"/>
        <baseMaterialConfiguration name="MENGELE BLUE" color="0.0759 0.3392 0.4205 1"/>
        <baseMaterialConfiguration name="ANNABURGER RED" color="ANNABURGER_RED1"/>
        <baseMaterialConfiguration name="ANNABURGER WHITE" color="ANNABURGER_WHITE1"/>
        <baseMaterialConfiguration name="KAWECO GREEN" color="0.4 0.6 0.05 1"/>
        <baseMaterialConfiguration name="KAWECO ORANGE" color="0.98 0.31 0.02 1"/>
        <baseMaterialConfiguration name="KAWECO GREY" color="0.8671 0.7893 0.6253 1"/>
        <baseMaterialConfiguration name="BRIRI GREEN" color="0.0461 0.0600 0.0414 1"/>
        <baseMaterialConfiguration name="BRIRI GREY" color="0.4423 0.4423 0.4534 1"/>
        <baseMaterialConfiguration name="VICON RED" color="VICON_RED1"/>
        <baseMaterialConfiguration name="VICON DARKBLUE" color="VICON_DARKBLUE"/>
        <baseMaterialConfiguration name="MAN BEIGE" color="MAN_BEIGECLASSIC"/>
        <baseMaterialConfiguration name="MAN OLDGREEN" color="MAN_OLDGREEN"/>
        <baseMaterialConfiguration name="MAN BLUE" color="MAN_BLUE6"/>
        <material name="Bandeirante1_mat" shaderParameter="colorMat1"/>
        <material name="Bandeirante2_mat" shaderParameter="colorMat1"/>
    </baseMaterialConfigurations>
    <wearable wearDuration="480" workMultiplier="5" fieldMultiplier="2"/>
    <washable dirtDuration="90" washDuration="1" workMultiplier="3" fieldMultiplier="2"/>
    <i3dMappings>
        <i3dMapping id="pickup1978_main_component1" node="0>"/>
        <i3dMapping id="Roda1" node="0>0|3|0"/>
        <i3dMapping id="Roda2" node="0>0|3|1"/>
        <i3dMapping id="Roda3" node="0>0|3|2"/>
        <i3dMapping id="Roda4" node="0>0|3|3"/>
        <i3dMapping id="Roda5" node="0>0|3|4"/>
        <i3dMapping id="Roda6" node="0>0|3|5"/>
        <i3dMapping id="Roda7" node="0>0|3|6"/>
        <i3dMapping id="Roda8" node="0>0|3|7"/>
        <i3dMapping id="CorMudante" node="0>0|2|0"/>
        <i3dMapping id="Carpo" node="0>0|2|0|2"/>
        <i3dMapping id="frontLightHigh" node="0>0|1|4"/>
        <i3dMapping id="backLightsHigh1" node="0>0|1|5"/>
        <i3dMapping id="frontLightLow" node="0>0|1|6"/>
        <i3dMapping id="LuzDianteira" node="0>0|1|1"/>
        <i3dMapping id="LuzTraseira" node="0>0|1|3"/>
        <i3dMapping id="turnlightRight" node="0>0|1|0"/>
        <i3dMapping id="turnlightLeft" node="0>0|1|2"/>
        <i3dMapping id="outdoorCameraTarget" node="0>0|6|0"/>
        <i3dMapping id="outdoorCamera1" node="0>0|6|0|0"/>
        <i3dMapping id="indoorCamera1" node="0>0|6|1"/>
        <i3dMapping id="cameraRaycastNode1" node="0>0|6|2"/>
        <i3dMapping id="cameraRaycastNode2" node="0>0|6|3"/>
        <i3dMapping id="cameraRaycastNode3" node="0>0|6|4"/>
        <i3dMapping id="shadowFocusBox" node="0>0|6|5"/>
        <i3dMapping id="Volante" node="0>0|4|0"/>
        <i3dMapping id="leftArm" node="0>0|4|0|1"/>
        <i3dMapping id="rightArm" node="0>0|4|0|0"/>
        <i3dMapping id="player_skin" node="0>0|9|0"/>
        <i3dMapping id="player_rightFoot" node="0>0|9|1"/>
        <i3dMapping id="player_leftFoot" node="0>0|9|2"/>
        <i3dMapping id="exitPoint" node="0>0|7"/>
        <i3dMapping id="exhaustParticleLeft" node="0>0|8"/>
        <i3dMapping id="gasPedal" node="0>0|12|5"/>
        <i3dMapping id="player_rightFootGas" node="0>0|12|5|0"/>
        <i3dMapping id="brakePedal" node="0>0|12|6"/>
        <i3dMapping id="player_rightFootBrake" node="0>0|12|6|0"/>
        <i3dMapping id="TampaTraseira" node="0>0|2|0|13"/>
        <i3dMapping id="tensionBelts" node="0>0|11"/>
        <i3dMapping id="tensionBeltStart1" node="0>0|11|0"/>
        <i3dMapping id="tensionBeltEnd1" node="0>0|11|0|0"/>
        <i3dMapping id="tensionBeltStart2" node="0>0|11|1"/>
        <i3dMapping id="tensionBeltEnd2" node="0>0|11|1|0"/>
        <i3dMapping id="tensionBeltStart3" node="0>0|11|2"/>
        <i3dMapping id="tensionBeltEnd3" node="0>0|11|2|0"/>
        <i3dMapping id="tensionBeltStart4" node="0>0|11|3"/>
        <i3dMapping id="tensionBeltEnd4" node="0>0|11|3|0"/>
        <i3dMapping id="beltActivationTrigger" node="0>0|11|4"/>
        <i3dMapping id="aiCollisionTrigger" node="0>0|5"/>
        <i3dMapping id="Attachers" node="0>0|0|3|27"/>
        <i3dMapping id="Support_Adjustable" node="0>0|0|3|27|0|2"/>
        <i3dMapping id="Hitch_Support" node="0>0|0|3|27|0|2|0"/>
        <i3dMapping id="Hitch_Base" node="0>0|0|3|27|0|2|0|0"/>
        <i3dMapping id="AttacherJoint" node="0>0|0|3|27|0|2|0|0|0|0"/>
        <i3dMapping id="winch" node="0>1"/>
        <i3dMapping id="Warn_Winch" node="0>0|15|0"/>
        <i3dMapping id="Winch_tray" node="0>0|15|1"/>
        <i3dMapping id="Hi_Lift" node="0>0|15|2"/>
        <i3dMapping id="Roof_Bar_Body" node="0>0|15|3|0"/>
        <i3dMapping id="Roof_Bar_Leds" node="0>0|15|3|0|1"/>
        <i3dMapping id="Roof_Bar_Reflect" node="0>0|15|3|0|2"/>
        <i3dMapping id="RoofBeamHigh" node="0>0|15|3|0|5"/>
        <i3dMapping id="ARB_Intensity_Set" node="0>0|15|3|1"/>
        <i3dMapping id="ARB_Intensity_0" node="0>0|13|2|6|0"/>
        <i3dMapping id="ARB_Leds_R" node="0>0|15|3|1|0|7|0"/>
        <i3dMapping id="ARB_Reflect_R" node="0>0|15|3|1|0|7|1"/>
        <i3dMapping id="ARB_Intensity_1" node="0>0|15|3|1|1"/>
        <i3dMapping id="ARB_Leds_L" node="0>0|15|3|1|1|7|0"/>
        <i3dMapping id="ARB_Reflect_L" node="0>0|15|3|1|1|7|1"/>
        <i3dMapping id="FloodBeamHigh" node="0>0|15|3|1|2"/>
        <i3dMapping id="toolBox_vis" node="0>0|15|4"/>
        <i3dMapping id="shovelGreen_vis" node="0>0|15|5"/>
        <i3dMapping id="chainsaw_vis" node="0>0|15|6"/>
        <i3dMapping id="shovel_clamp" node="0>0|15|7"/>
        <i3dMapping id="shovel_clamp1" node="0>0|15|8"/>
    </i3dMappings>
</vehicle>
